<?xml version="1.0" encoding="UTF-8" standalone="yes"?>
<addon id="plugin.program.BridgeWizard19" name="[COLOR red][B]Bridge[/B][/COLOR] [COLOR white] Wizard[/COLOR] [COLOR blue] 19[/COLOR]" version="1.0" provider-name="BT">
    <requires>
        <import addon="xbmc.python" version="3.0.0" />
        <import addon="script.module.requests" />
        <import addon="script.module.six" />
        <import addon="script.kodi.android.update" optional="true" version="1.3.2" />
    </requires>
    
    <extension point="xbmc.python.pluginsource" library="default.py">
        <provides>executable</provides>
    </extension>
    
    <extension point="xbmc.service" library="startup.py" start="startup" />
    
    <extension point="xbmc.addon.metadata">
        <summary lang="en">[COLOR red]Bridge Wizard[/COLOR]</summary>
        <description lang="en"> Offers many maintenance features, selective add-on data saving, and automated build installs.</description>
        <platform>all</platform>
        <reuselanguageinvoker>false</reuselanguageinvoker>
        <source></source>
        <assets>
            <icon>icon.png</icon>
            <fanart>fanart.png</fanart>
        </assets>
    </extension>
</addon>
